name,address,type,place
Words Bookstore,Asbury Park,Book store,asbury park
PJ & S Urban League Bookz,Asbury Park,Book store,asbury park
Get Bible Book Store,Neptune City,Book store,asbury park
Antic Hay Books,Ocean Township,Used book store,asbury park
Paperback Exchange,Belmar,Used book store,asbury park
Comic Crypt LLC,Eatontown,Comic book store,asbury park
Barnes & Noble,Eatontown,Book store,asbury park
Andrus Auctions,,Used book store,asbury park
The Bunny with the Basket,,Book store,asbury park
Parabaas,,Book store,asbury park
Shelter Home,Asbury Park,Gift shop,asbury park
Asbury Galleria,Asbury Park,Gift shop,asbury park
BookTowne,Manasquan,Book store,asbury park
Cats Don't Drink Tea,,Childrens book store,asbury park
The Pier News Stand,,Book store,atlantic city
Truth That Rocks Bookstore & Solid Grounds Coffee Lounge,1100 New Rd,Christian book store,atlantic city
Sun Rose Words & Music,756 Asbury Ave,Book store,atlantic city
Bookateria Two,1052 Asbury Ave,Used book store,atlantic city
Paradies Shops,2801 Boardwalk,Gift shop,atlantic city
BooksAMillion,2200 Wrangleboro Rd,Book store,atlantic city
The Community Chest Thrift Shop,4014 Ventnor Ave,Thrift store,atlantic city
Stockton University Bookstore,Ewing Lower Level 101 Vera King Farris Dr,Book store,atlantic city
Sun records ,Asbury Ave,Book store,atlantic city
Aunt Debbie's Health Food Store,816 N Main St,Book store,atlantic city
The Little Boho Bookshop,164A Broadway,Book store,bayonne
Manifest Comics,Bayonne,Comic book store,bayonne
Bayonne History,Bayonne,Book store,bayonne
Black Horizon Books,Jersey City,Book store,bayonne
Hood Soap Productions,,Book store,bayonne
Jesus the Redeemer,Jersey City,Book store,bayonne
Hudson Booksellers,,Book store,bayonne
Caliber Paper Books,,Book store,bayonne
WORD,Jersey City,Book store,bayonne
Source of Knowledge Book Store,Newark,Book store,bayonne
Elizabeth Campus Bookstore,Elizabeth,Book store,bayonne
Restoration Book Store,Elizabeth,Book store,bayonne
Saint Peter's University Bookstore,Jersey City,Book store,bayonne
Hudson Booksellers,Newark,Book store,bayonne
NJIT Bookstore,Newark,Book store,bayonne
Barnes and Noble Rutgers University  Newark,Newark,Book store,bayonne
Liberty Island Bookstore,,Book store,bayonne
Every Thing Goes Book Cafe and Neighborhood Stage,Staten Island,Used book store,bayonne
Blessed Store,Newark,Book store,bayonne
Vector Collectibles,Bayonne,Toy store,bayonne
Word Works Christian Book Str,Jersey City,Book store,bayonne
Hudsons Booksellers & Papyrus Terminal C,Newark,Book store,bayonne
Thriftique Books,Jersey City,Book store,bayonne
Seton Hall Law Bookstore,Newark,Book store,bayonne
Urban Knowledge,Newark,Book store,bayonne
HypnoTronic Comics,Staten Island,Comic book store,bayonne
Father Yostos Christian Gift Shop,Jersey City,Christian book store,bayonne
Munsters Under the Bed LLC,,Book store,bayonne
Newark SchoolTheology Bookstore,Newark,Book store,bayonne
JRC Yearbooks,,Book store,bayonne
Follett Higher Education Group,Staten Island,Book store,bayonne
Resect For Life Center,Newark,Book store,bayonne
Kids Closer,,Rare book store,bayonne
Blessed Store,Newark,Christian book store,bayonne
My Sefer,,Book store,bayonne
Grace Van Vorst Book Sale,Jersey City,Used book store,bayonne
Judaica for Kids,,Book store,bayonne
The Bookmark Shoppe,Brooklyn,Book store,bayonne
Sincerely Yours Your One True Love,,Christian book store,bayonne
Wanda Frazier Author,,Book store,bayonne
wwwmrhandicappercom,,Book store,bayonne
3rdeyepublishing,,Rare book store,bayonne
The Brooklyn Bookman,,Book store,bayonne
Het Hru Publishing Llc,,Book store,bayonne
Barnes & Noble,Hackensack,Book store,bergenfield
Teaneck Judaica,Teaneck,Book store,bergenfield
Malcolm Jamal Phillips Online Book Store iammjpcomshop,,Book store,bergenfield
Jerusalen Distributors,Englewood,Christian book store,bergenfield
Piggy Book Group LLC,,Book store,bergenfield
Erotic Romance  1 Erotic Books I Romance Books by TJ Phull,,Book store,bergenfield
Barnes & Noble,Paramus,Book store,bergenfield
Self Help ebooks By Freddy Kaye,,Rare book store,bergenfield
BooksAMillion,Paramus,Book store,bergenfield
DBA Pauline Perron,,Book store,bergenfield
Amazon Books,Paramus,Book store,bergenfield
College Innovations,,Book store,bergenfield
Bergen Community College Bookstore,Paramus,Book store,bergenfield
Bookends,Ridgewood,Book store,bergenfield
Kinokuniya New Jersey,Edgewater,Book store,bergenfield
Books & Greetings,Northvale,Book store,bergenfield
The Curious Reader,Glen Rock,Childrens book store,bergenfield
ANT Bookstore and Cafe,Clifton,Book store,bergenfield
The National Council of Jewish Women,Bergenfield,Thrift store,bergenfield
Barnes & Noble,Clifton,Book store,bergenfield
The Center for Self Development  Life Coach Self Help Books Stress Management Stress Relief Anxiety Relief Life Coaching in Englewood Cliffs NJ,,Book store,bergenfield
[words] Bookstore,Maplewood,Book store,bergenfield
Little City Books,100 Bloomfield St,Book store,bergenfield
Montclair Book Center,221 Glenridge Ave,Book store,bergenfield
WORD,123 Newark Ave,Book store,bergenfield
Judaica House Ltd,478 Cedar Ln,Book store,bergenfield
Sister's Uptown Bookstore,1942 Amsterdam Ave,Book store,bergenfield
Bank Street Bookstore,2780 Broadway,Book store,bergenfield
William Paterson University Bookstore,300 Pompton Rd,Book store,bergenfield
Watchung Booksellers,54 Fairfield St,Book store,bergenfield
Old Book Shop,4 John St,Used book store,bergenfield
Ramapo Campus Store,505 Ramapo Valley Rd,Book store,bergenfield
Barnes & Noble,Caldor Plaza 1156 Route 46 West,Book store,bergenfield
Town Book Store,Westfield,Book store,bergenfield
Little T's Closet Children's Thrift Boutique,Bergenfield,Thrift store,bergenfield
Strand Book Store,New York,Book store,bergenfield
Zapp Comics,Wayne,Comic book store,bergenfield
Not So Ordinary,Bergenfield,Thrift store,bergenfield
The Corner Bookstore,New York,Book store,bergenfield
Argosy Book Store,New York,Book store,bergenfield
Here's the Story,Union,Book store,bergenfield
The Drama Book Shop Inc,New York,Book store,bergenfield
Rizzoli Bookstore,New York,Book store,bergenfield
The Book House,Millburn,Book store,bergenfield
Bookworm,Bernardsville,Book store,bergenfield
Black Dog Books,Lafayette Township,Book store,bergenfield
The Little Boho Bookshop,Bayonne,Book store,bergenfield
Kinokuniya New York,New York,Book store,bergenfield
Ray & Judy's Book Stop,Rockaway,Book store,bergenfield
The Book Trader,Clark,Used book store,bergenfield
Strand Book Store  Times Square Kiosk,New York,Book store,bergenfield
Logos Bookstore,New York,Book store,bergenfield
Barnes & Noble,Livingston,Book store,bergenfield
Shakespeare & Co,New York,Book store,bergenfield
Bluestockings Bookstore Cafe & Activist Center,New York,Book store,bergenfield
La Librairie des Enfants,New York,Childrens book store,bergenfield
Barnes & Noble,Holmdel,Book store,bergenfield
Housing Works Bookstore Cafe & Bar,New York,Book store,bergenfield
Community Bookstore,Brooklyn,Book store,bergenfield
Sparta Books,Sparta,Book store,bergenfield
Midtown Comics Grand Central,New York,Comic book store,bergenfield
Books For Less,Bridgeton,Book store,bridgeton
Book Outlet Inc,Bridgeton,Book store,bridgeton
Ollie's Bargain Outlet,Bridgeton,Book store,bridgeton
South Jersey High School yearbooks,,Book store,bridgeton
Bogart's Bookstore and Cafe,Millville,Book store,bridgeton
BooksAMillion,Vineland,Book store,bridgeton
Cornerstone Christian Bookstore,Vineland,Christian book store,bridgeton
The Comic Book Store,Glassboro,Comic book store,bridgeton
Four Star Video,Vineland,Comic book store,bridgeton
Red Barn Book Store,West Berlin,Book store,bridgeton
Book Asylum,Blackwood,Book store,bridgeton
BooksAMillion,Mays Landing,Book store,bridgeton
Barnes & Noble,Deptford Township,Book store,bridgeton
Hooked On Books,Wildwood,Used book store,bridgeton
Inkwood Books,Haddonfield,Book store,bridgeton
Barnes & Noble,Marlton,Book store,bridgeton
Frankenstein Comics,Woodbury,Comic book store,bridgeton
Barnes & Noble,Cherry Hill,Book store,bridgeton
Barnes & Noble,Moorestown,Book store,bridgeton
Barrier Island Books & Art,Stone Harbor,Used book store,bridgeton
Camden County College Bookstore,Blackwood,Book store,bridgeton
Cape Atlantic Book Company,Cape May,Book store,bridgeton
Stockton University Bookstore,Galloway,Book store,bridgeton
Barnes & Noble,Hamilton Township,Book store,bridgeton
Booktrader of Hamilton,Hamilton Township,Used book store,bridgeton
Barnes & Noble,Brick Township,Book store,bridgeton
Barnes & Noble,East Brunswick,Book store,bridgeton
Barnes & Noble,Princeton,Book store,bridgeton
River Road Books,Fair Haven,Book store,bridgeton
Labyrinth Books,Princeton,Book store,bridgeton
Califon Book Shop,Califon,Book store,bridgeton
Barnes & Noble,Bridgewater Township,Book store,bridgeton
Barnes & Noble at Rutgers,New Brunswick,Book store,bridgeton
BooksAMillion,Springfield,Book store,bridgeton
Twice Told Tales,Flemington,Used book store,bridgeton
Barnes & Noble,Christiana,Book store,bridgeton
Old Book Shop,Morristown,Used book store,bridgeton
Barnes & Noble,Clark,Book store,bridgeton
Paranormal Books & Curiosities,Asbury Park,Book store,bridgeton
Rider University Bookstore,Lawrenceville,Book store,bridgeton
Barnes & Noble,Edison,Book store,bridgeton
Ocean County College Bookstore,Toms River,Book store,bridgeton
Barnes & Noble,Springfield Township,Book store,bridgeton
Mercer County Community College Bookstore,West Windsor Township,Book store,bridgeton
Moonstone Mystery Book Store,Flemington,Book store,bridgeton
Barnes & Noble,Morris Plains,Book store,bridgeton
Hudson County Community College Bookstore,Jersey City,Book store,bridgeton
Symposia Community Book Store,Hoboken,Book store,bridgeton
Little City Books,Hoboken,Book store,bridgeton
Montclair Book Center,Montclair,Book store,bridgeton
The Golden Lion Bookstore,Branchburg,Book store,bridgeton
The Chatham Bookseller LLC,Madison,Used book store,bridgeton
La Unique African American Books & Cultural Center,Camden,Book store,camden
University District Bookstore,Camden,Book store,camden
Paradise Islamic Fashion & Books,Camden,Book store,camden
Between the Covers Rare Book,Gloucester City,Book store,camden
Crowned with Knowledge Book Hub,Pennsauken Township,Christian book store,camden
Pilothouse Nautical Books & Charts,Philadelphia,Book store,camden
Jules Goldman Books & Antiques,Philadelphia,Book store,camden
The Book Trader,Philadelphia,Used book store,camden
Brave New Worlds,Philadelphia,Comic book store,camden
Head House Books,Philadelphia,Book store,camden
Fat Jack's Comicrypt,Oaklyn,Comic book store,camden
Eleventh Step Books,Haddon Township,Book store,camden
A Time Lost & Found,Audubon,Comic book store,camden
Secret Origins Comics & More,Collingswood,Comic book store,camden
Garland of Letters Bookstore,Philadelphia,Book store,camden
Brickbat Books,Philadelphia,Used book store,camden
Black and Nobel The Pop Up Store,Philadelphia,Book store,camden
Emily's Novels,,Book store,camden
Wooden Shoe Books,Philadelphia,Book store,camden
Christian Science Reading Room & Church,Philadelphia,Book store,camden
Nadicia Skeen Book store,Philadelphia,Book store,camden
Mostly Books,Philadelphia,Used book store,camden
ourplayhousefuntvcom,,Book store,camden
Miscellanea Libri Bookstore,Philadelphia,Book store,camden
Christian Science Reading Room,Philadelphia,Book store,camden
Plunder Palace,Cherry Hill,Comic book store,camden
Catalina's Ebook Store,,Book store,camden
Atomic City Comics,Philadelphia,Comic book store,camden
Carnival,Brooklawn,Book store,camden
WELLNESS HEALTH BOOKS,,Book store,camden
Sacred Green Earth,Oaklyn,Book store,camden
Textbook Source,,Book store,camden
Amalgam Comics & Coffeehouse,Philadelphia,Comic book store,camden
Harriett's Bookshop,Philadelphia,Book store,camden
Ozelia Artis Author,,Book store,camden
Ibrahim Books & Gifts,,Book store,camden
The Head & The Hand Books,Philadelphia,Book store,camden
Miscellanea Libri,Philadelphia,Book store,camden
Johnson & Moore Publishing Book Reviews,,Book store,camden
Cheapbookscheapcom,,Book store,camden
AlMinar Books & Islamic Fashion,Philadelphia,Book store,camden
India Club Inc,,Book store,camden
Nunu Aru Books,,Book store,camden
God Scent Bibles,,Book store,camden
MotorHead Garage Productions LLC,,Childrens book store,camden
Wayne L Misner,,Book store,carteret
Barnes & Noble,Staten Island,Book store,carteret
Cranford Campus Bookstore,Cranford,Book store,carteret
Christian Book Store,Union,Book store,carteret
Middlesex County College Bookstore,Edison,Book store,carteret
Comic Sanctuary,Highland Park,Comic book store,carteret
Watchung Booksellers,Montclair,Book store,carteret
Main Street Comics & Toys,Milltown,Comic book store,carteret
Cafe Word Book Store,South Orange,Book store,carteret
Seton Hall University Bookstore,South Orange,Book store,carteret
Hudson County Bookstore at Union City,Union City,Book store,carteret
Barnes & Noble,Woodland Park,Book store,carteret
Zapp Comics & Cards,Manalapan Township,Comic book store,carteret
Barnes & Noble,Freehold Township,Book store,carteret
Dr Wonder Comics & Collectibles,,Comic book store,carteret
BooksAMillion,Rockaway,Book store,carteret
Act 2 Books,Flemington,Used book store,carteret
The Book Garden,Cream Ridge,Used book store,carteret
Indigo  Short Hills,Short Hills,Book store,carteret
William Paterson University Bookstore,Wayne,Book store,carteret
Greenlight Bookstore PLG,Brooklyn,Book store,carteret
Greenlight Bookstore,Brooklyn,Book store,carteret
Textbook Marketing LLC,Cliffside Park,Book store,cliffside park
CBA THINK LINK LLC,Cliffside Park,Book store,cliffside park
Koryo Books & Media Inc goryeoseojeoggyoposeojeom,Palisades Park,Book store,cliffside park
Anartist,,Book store,cliffside park
Book Out Inc,North Bergen,Book store,cliffside park
Hallelujah Books Inc,Palisades Park,Book store,cliffside park
Amati Trading,,Book store,cliffside park
Christian Books & Supplies,Palisades Park,Book store,cliffside park
Little Book of You,,Childrens book store,cliffside park
Pomander Books,New York,Book store,cliffside park
Gosen Rare Books,New York,Rare book store,cliffside park
Tattoos of Times Square,,Rare book store,cliffside park
Bank Street Bookstore,New York,Book store,cliffside park
Demes Books,New York,Book store,cliffside park
Book Culture,New York,Book store,cliffside park
Columbia University Bookstore,New York,Book store,cliffside park
Book Culture on Broadway,New York,Book store,cliffside park
Enigma Books,,Book store,cliffside park
American Textbook Council,New York,Book store,cliffside park
Marisol Rodriguez Books,,Book store,cliffside park
I Am An Author  Deneen A Connor,,Book store,cliffside park
Smiley Mars,,Comic book store,cliffside park
Music Country,Cliffside Park,Record store,cliffside park
Beletra Almanako,New York,Book store,cliffside park
Anthony's Comic Books Original Art & Collectibles Retail Store,Leonia,Comic book store,cliffside park
Vintage Life And Movie Magazines,,Magazine store,cliffside park
BRIER ROSE BOOKS,Teaneck,Book store,cliffside park
Sister's Uptown Bookstore,New York,Book store,cliffside park
Dolor Magazine,,Magazine store,cliffside park
Argosy Book Store,116 E 59th St,Book store,cliffside park
Barnes & Noble,Clifton Commons 395 Route 3 East,Book store,cliffside park
Shakespeare & Co,2020 Broadway,Book store,cliffside park
Rose's Hallmark Shop,425 Anderson Ave Reservoir Plaza,Greeting card shop,cliffside park
Strand Book Store,828 Broadway,Book store,cliffside park
Rizzoli Bookstore,1133 Broadway,Book store,cliffside park
Barnes & Noble,765 NJ17,Book store,cliffside park
Strand Book Store  Times Square Kiosk,43rd Street between Broadway & 7th Ave,Book store,cliffside park
Bergen Community College Bookstore,400 Paramus Rd,Book store,cliffside park
Midtown Comics Grand Central,459 Lexington Ave,Comic book store,cliffside park
Bookends,211 E Ridgewood Ave,Book store,cliffside park
Little City Books  Uptown,1401 Adams St,Book store,cliffside park
Source of Knowledge Book Store,867 Broad St,Book store,cliffside park
The Curious Reader,229 Rock Rd,Childrens book store,cliffside park
ANT Bookstore and Cafe,345 Clifton Ave,Book store,clifton
Footnote Bookstore,Clifton,Book store,clifton
Jewishusedbooks,Clifton,Used book store,clifton
Kitap Okuyorum,Clifton,Book store,clifton
Montclair State University Bookstore,Montclair,Book store,clifton
Siraj Islamic Lifestyle Store,Clifton,Book store,clifton
Clifton Merchant,Clifton,Magazine store,clifton
The Paper Store,Clifton,Book store,clifton
St Antonius & St Mina Orthodox centre,Rutherford,Religious book store,clifton
Books By Raven,,Book store,clifton
Felician University Bookstore,Lodi,Book store,clifton
Passaic County CC Bookstore,Paterson,Book store,clifton
Seton Hall University Medical Campus Store,Nutley,Book store,clifton
Divine Inspirations Bookseller,Bloomfield,Book store,clifton
Kujichagulia Bookstore,Paterson,Book store,clifton
Bookstore,,Book store,clifton
Paradox Comics,North Arlington,Comic book store,clifton
Diva Zone,Bloomfield,Book store,clifton
BCC Meadowlands Bookstore,Lyndhurst,Book store,clifton
Gospel Bookstore On Wheel,Paterson,Book store,clifton
Joker's Child Comics,Fair Lawn,Comic book store,clifton
Botanica San Lazaro,Clifton,Book store,clifton
East Side Mags,Montclair,Comic book store,clifton
Personally Yours Books,,Childrens book store,clifton
Christian Science Reading Room,Montclair,Christian book store,clifton
Chinese Books USA,,Book store,clifton
Sinai Christian Bookstore,Newark,Book store,clifton
Anthony's Comic Book Art Warehouse and Office,Moonachie,Comic book store,clifton
Piccuzoo,,Childrens book store,clifton
Time Warp Comics & Games,Cedar Grove,Comic book store,clifton
Hallelujah Books Inc,Little Ferry,Book store,clifton
Fortress of Solitude,Newark,Comic book store,clifton
Sifrutake,Newark,Religious book store,clifton
The Mag Depot LLC,Belleville,Book store,clifton
hathor's crown financial,Kearny,Book store,clifton
Anthony's Comic Book Art,Moonachie,Comic book store,clifton
Novel Tees,East Orange,Book store,clifton
Yeshua Adonai,Harrison,Christian book store,clifton
All Eyes On Egipt NJ Books And Gifts,Newark,Book store,clifton
MINOAFB & Associates LLC,,Book store,clifton
Occasionette Collingswood,Collingswood,Gift shop,collingswood
Inner Groove Records,Collingswood,Music store,collingswood
Rohrer Campus Bookstore,Cherry Hill,Book store,collingswood
ExtraordinaryED,Collingswood,Game store,collingswood
Nelson Rare Books,Haddonfield,Rare book store,collingswood
Frugal Thrift & Vintage,Collingswood,Thrift store,collingswood
Phidelity Records,Haddon Township,Record store,collingswood
East Coast Calligraphy,Collingswood,Art supply store,collingswood
Carnival,705 Crescent Blvd,Book store,collingswood
Second Time Books Inc,114 Creek Rd,Used book store,collingswood
Frankenstein Comics,845 Mantua Pike,Comic book store,collingswood
The Comic Book Store,30 N Main St,Comic book store,collingswood
Adventureland Store,100 Premium Outlets Dr Suite 840,Comic book store,collingswood
Barnes & Noble Rowan University Bookstore,201 Rowan Blvd,Book store,collingswood
Penn Book Center,130 S 34th St,Book store,collingswood
Sharon Reed Book Store,3955 Conshohocken Ave,Book store,collingswood
Big Blue Marble Bookstore,551 Carpenter Ln,Book store,collingswood
Joseph Fox Bookshop,1724 Sansom St,Book store,collingswood
Second Time Books Inc,Mt Laurel Township,Used book store,collingswood
Top Deck Games,Haddon Township,Game store,collingswood
CLC Book Center,Wyncote,Religious book store,collingswood
Barney Loves Books,Woodstown,Book store,collingswood
Back To the Books,Dover,Book store,dover
allbookfairs,Dover,Book store,dover
DANGER JA,,Book store,dover
CCM Campus Store,Randolph,Book store,dover
Barnes & Noble,Ledgewood,Book store,dover
Botanica Glitter Gifts,Dover,Book store,dover
FYE,Rockaway,Book store,dover
Latina and The Mutt Comics,,Comic book store,dover
New Moon Comics LLC Warehouse,Butler,Comic book store,dover
The Salvation Army Family Store & Donation Center,Dover,Thrift store,dover
Betsaida Christian Book Store,Union City,Book store,dover
Ramapo Campus Store,Mahwah,Book store,dover
Zapp Comics,574 Valley Rd,Comic book store,dumont
Town Book Store,270 E Broad St,Book store,dumont
Columbia University Bookstore,2922 Broadway,Book store,dumont
Bookworm,99 Claremont Rd,Book store,dumont
City College Bookstore,New York,Book store,dumont
Mercy College  Dobbs Ferry Campus Bookstore,Dobbs Ferry,Book store,dumont
Revolution Books,New York,Book store,dumont
Pickwick Book Shop,Nyack,Book store,dumont
Judaica House Ltd,Teaneck,Book store,dumont
Albertine,New York,Book store,dumont
Westsider Rare & Used Books Inc,New York,Used book store,dumont
Posman Books,New York,Book store,dumont
GameStop,East Orange,Video game store,east orange
Kidioke Media LLC,,Book store,east orange
Jennifer Voigt Kaplan,,Childrens book store,east orange
Barnes & Noble,240 US22,Book store,east orange
THE SMOKEYB BURGESS BRAND,Newark,Book store,east orange
Edible Arrangements,East Orange,Gift shop,east orange
THE Positive Community Corp,Montclair,Magazine store,east orange
New World Manga,Livingston,Game store,east orange
Author Laura Scott,,Book store,east orange
Jerry's Artist Outlet,West Orange,Art supply store,east orange
We Buy Old Comics Robbie's Comics,,Comic book store,east orange
Monmouth University Store,West Long Branch,Book store,eatontown
Suncoast Motion Picture Company,Eatontown,Book store,eatontown
Norman's Hallmark Shop,Eatontown,Greeting card shop,eatontown
Good Shepherd Book & Gift,New Monmouth,Religious book store,eatontown
Best Buy,Eatontown,Music store,eatontown
American Association University Women,Middletown,Used book store,eatontown
Kinokuniya New Jersey,595 River Rd,Book store,edgewater
Columbia University Medical School Bookstore,New York,Book store,edgewater
Russian books & Gifts USSR  COLIBRI russian store USA,New York,Book store,edgewater
Word Up Community BookshopLibreria Comunitaria,New York,Book store,edgewater
Barnes & Noble,New York,Book store,edgewater
Books of Wonder,New York,Childrens book store,edgewater
Beanlovers Book,New York,Book store,edgewater
Song Book Project,New York,Book store,edgewater
Cultured Oyster Books,New York,Book store,edgewater
Julian's Books,,Rare book store,edgewater
Synod Bookstore,New York,Book store,edgewater
Silver Swan Company,New York,Used book store,edgewater
Sun Tzu,,Book store,edgewater
Gene Theme Scene,New York,Book store,edgewater
Ursus Books & Gallery,New York,Book store,edgewater
Rare Book Buyer,New York,Rare book store,edgewater
Book StoreNY Psychoanalytic,New York,Book store,edgewater
Roxanne M Gilmore Book Store,New York,Book store,edgewater
Becoming God's Answer,New York,Christian book store,edgewater
Barnes and Noble,New York,Book store,edgewater
Gagosian Shop,New York,Book store,edgewater
Kitchen Arts & Letters Inc,New York,Book store,edgewater
Assouline at the D&D,New York,Book store,edgewater
Barbara Leibowits Graphics Ltd,New York,Used book store,edgewater
My Everything Box,New York,Book store,edgewater
Imperial Fine Books,New York,Rare book store,edgewater
Choices Books & Gift Shop,New York,Book store,edgewater
Bookoff,New York,Book store,edgewater
Berenson Design & Books Ltd,New York,Book store,edgewater
Bernard Jacobs Author,,Book store,edgewater
Islamic Books & Tapes,New York,Book store,edgewater
Donald Heald Rare Books,New York,Rare book store,edgewater
Zucker Art Books,New York,Rare book store,edgewater
PRPH Books,New York,Rare book store,edgewater
Purple Bear Books,New York,Book store,edgewater
How to Meet and Talk to Anyone,,Book store,edgewater
Marilyn Braiterman Antiquarian Bookseller,New York,Book store,edgewater
James Cummins Bookseller,New York,Rare book store,edgewater
Bauman Rare Books,New York,Book store,edgewater
GIA Bookstore Division,New York,Book store,edgewater
Kevin's Kids Book Shop,,Book store,edgewater
Pulp Books,,Book store,edgewater
Glenn Horowitz Bookseller,New York,Rare book store,edgewater
Richard C Ramer Old & Rare Books,New York,Used book store,edgewater
Manhattan Rare Book Co,New York,Rare book store,edgewater
CollectorsFolio,New York,Rare book store,edgewater
Dahesh Heritage,New York,Book store,edgewater
Chartwell Booksellers,New York,Book store,edgewater
Albertine Books In French And English,New York,Book store,edgewater
Alex's MVP Cards and Comics,New York,Comic book store,edgewater
James S Jaffe Rare Books,New York,Book store,edgewater
Spark Notes LLC,New York,Book store,edgewater
The Adventures of Jules Khan,New York,Rare book store,edgewater
Barnes & Noble Kean University,Union,Book store,elizabeth
Clockwork Comics & Cards,Union,Comic book store,elizabeth
Crossroads of Life Christian Inc Christian Bookstore,Hillside,Book store,elizabeth
Bookworm Personalized Products,,Book store,elizabeth
Timesbook Inc,Linden,Book store,elizabeth
Understanding the Christian Walk,,Christian book store,elizabeth
Brian First Publishing LLC,Hillside,Childrens book store,elizabeth
Amazing Heroes,Union,Comic book store,elizabeth
Rogue Comics & Collectibles,Cranford,Comic book store,elizabeth
Less pay,Hillside,Religious book store,elizabeth
Islamicbooks7com,Linden,Book store,elizabeth
Bridges African American Research & Book Store,Rahway,Book store,elizabeth
Classic Comics,Rahway,Comic book store,elizabeth
Love Is The Answer,Cranford,Book store,elizabeth
College of Staten Island Bookstore,Staten Island,Book store,elizabeth
ST PAULS Books and Gifts Former Alba House,Staten Island,Religious book store,elizabeth
kids inner power,Union,Book store,elizabeth
TK Books,,Book store,elizabeth
AlJamil,Elizabeth,Gift shop,elizabeth
Disney Store,Elizabeth,Toy store,elizabeth
MyUnique Thrift,Elizabeth,Thrift store,elizabeth
J C Comics Inc,North Plainfield,Comic book store,elizabeth
GameStop,Jersey Garden Mall 651 Kapkowski Rd,Video game store,elizabeth
The Chatham Bookseller LLC,8 Green Village Rd,Used book store,elizabeth
Barnes & Noble,The Commons at Holmdel 2134 NJ35,Book store,elizabeth
Barnes & Noble,1940 Route 10 West,Book store,elizabeth
Koryo Books,35 W 32nd St,Book store,elizabeth
Yellow Book,Rochelle Park,Book store,elmwood park
Follett College Bookstore,,Book store,elmwood park
Subscriber's Choice,Fair Lawn,Magazine store,elmwood park
Princess Sydney Strong,,Childrens book store,elmwood park
AmazinBumShop,,Magazine store,elmwood park
Ez 2 Collect,Elmwood Park,Record store,elmwood park
Music Connection,Elmwood Park,Music store,elmwood park
Logos Bookstore,1575 York Ave,Book store,elmwood park
The Book House,281 Essex St,Book store,elmwood park
The Drama Book Shop Inc,250 W 40th St 1,Book store,elmwood park
Community Bookstore,143 7th Ave,Book store,elmwood park
Terrace Books,Brooklyn,Book store,elmwood park
New York University,New York,Book store,elmwood park
WORD,Brooklyn,Book store,elmwood park
German Language Publications,Englewood,Book store,englewood
A&S Comics,Teaneck,Comic book store,englewood
COMIC BOOK OVERSTOCK,,Rare book store,englewood
FDU Bookstore,Teaneck,Book store,englewood
The Oculars,,Book store,englewood
GameStop,Englewood,Video game store,englewood
NJIT Bookstore,120 Summit St,Book store,englewood
Bluestockings Bookstore Cafe & Activist Center,172 Allen St,Book store,englewood
Housing Works Bookstore Cafe & Bar,126 Crosby St,Book store,englewood
Here's the Story,1043 Stuyvesant Ave,Book store,englewood
La Fuente Christian Bookstore,North Bergen,Book store,fairview
Rose's Hallmark Shop,Fairview,Greeting card shop,fairview
Four Color Comics,,Comic book store,fairview
Freedoms Gate,,Book store,fairview
Wendy The Psychics' Psychic,,Book store,fairview
Little City Books  Uptown,Hoboken,Book store,fairview
Goodwill NYNJ Store & Donation Center,Elmwood Park,Thrift store,fair lawn
Grandma's Place,84 W 120th St,Book store,fort lee
Edible Arrangements,893 Palisade Ave,Gift shop,fort lee
Music Country,728 Anderson Ave,Record store,fort lee
NiLu Gift Boutique,191 Malcolm X Blvd,Book store,fort lee
Greenlight Bookstore,686 Fulton St,Book store,fort lee
JBB Christian Gift Shop,216 Madison St,Gift shop,garfield
Barnes & Noble Rowan University Bookstore,Glassboro,Book store,glassboro
Crossroad Comics and Collectibles,Pitman,Comic book store,glassboro
Rowan College of South Jersey Gloucester Campus Bookstore,Sewell,Book store,glassboro
CLC Book Store,Williamstown,Religious book store,glassboro
Panther Comics,Turnersville,Comic book store,glassboro
Adventureland Store,Blackwood,Comic book store,glassboro
ReTurn the Page Bookstore,Williamstown,Book store,glassboro
Record King,Hackensack,Music store,hackensack
Papyrus,390 Hackensack Ave,Greeting card shop,hackensack
GameStop,380 W Pleasantview Ave,Video game store,hackensack
Edible Arrangements,Hackensack,Gift shop,hackensack
Nikki's Card Shop,Maywood,Greeting card shop,hackensack
Gotham Underground,Ramsey,Comic book store,hackensack
Amazon 4star  Coming Soon,East Rutherford,Book store,hackensack
River City Comics,Berlin,Comic book store,hammonton
Toy Market,Hammonton,Toy store,hammonton
Goodwill,Hammonton,Thrift store,hammonton
Ed's Magazine Stand,Berlin,Magazine store,hammonton
Berlin News Agency,Berlin Township,Book store,hammonton
Sun Rose Words & Music,Ocean City,Book store,hammonton
Stone Harbor Book Shop,Stone Harbor,Book store,hammonton
Bookateria Two,Ocean City,Used book store,hammonton
LBI Book Swap,Beach Haven,Book store,hammonton
The Bookworm,Surf City,Book store,hammonton
Spartacus Books,Kearny,Christian book store,harrison
Jesus the Redeemer,441 West Side Ave,Book store,harrison
[words] Bookstore,179 Maplewood Ave,Book store,harrison
Hudson County Community College Bookstore,162 Sip Ave,Book store,harrison
Word Works Christian Book Str,130 Monticello Ave,Book store,harrison
Symposia Community Book Store,510 Washington St,Book store,harrison
Hudson County Bookstore at Union City,4800 John F Kennedy Blvd,Book store,harrison
Barnes & Noble,390 Hackensack Ave,Book store,harrison
McNally Jackson Independent Booksellers and Cafe,New York,Book store,harrison
LIM College Bookstore,New York,Book store,harrison
McNally Jackson Books Soho,New York,Book store,harrison
McNally Jackson,New York,Book store,harrison
Pinters Hebrew Book Store,Brooklyn,Religious book store,harrison
Be Present,Hasbrouck Heights,Gift shop,hasbrouck heights
Midtown Comics Downtown,New York,Comic book store,hasbrouck heights
Value Village,Hawthorne,Thrift store,hawthorne
Searchlight Comics,,Comic book store,hawthorne
Judaica Gallery,Highland Park,Gift shop,highland park
El Mesias Christian Bookstore,New Brunswick,Christian book store,highland park
O P Metuchen Books,Metuchen,Used book store,highland park
Sino Monthly New Jersey Inc,Edison,Magazine store,highland park
Chamber 43,Highland Park,Record store,highland park
HowToShakeABuckeyeTreecom,,Childrens book store,highland park
Through the Moongate & Over the Moon Toys,Highland Park,Gift shop,highland park
Tower Thrift Shop,Highland Park,Thrift store,highland park
Paranormal Books & Curiosities,621 Cookman Ave,Book store,highland park
Comic Fortress,59 W Main St,Comic book store,highland park
BooksAMillion,700 Paramus Park 2115,Book store,highland park
Barnes & Noble,Towne Place at Garden State Park 911 Haddonfield Rd,Book store,highland park
Barnes & Noble,44 Brick Plaza,Book store,highland park
Spina Records,118 Easton Ave,Record store,highland park
Once Upon a Child,Edison,Childrens store,highland park
The Thank You Card APP,,Greeting card shop,highland park
Stevens Campus Bookstore,,Book store,hoboken
Louise BeaubrunMacaluso PhD,,Book store,hoboken
Hosanna Christian Bookstore,Union City,Book store,hoboken
Bibliofile Books On Computer,Weehawken,Book store,hoboken
Orlando Bru,Union City,Book store,hoboken
The Best Audiobooks About Millionaire Success Habits New York,Jersey City,Book store,hoboken
Testify Books,New York,Book store,hoboken
La Senda Antigua Inc,Union City,Book store,hoboken
Christian Bible Study free,North Bergen,Book store,hoboken
THE GREEK GODS AMONG US,,Book store,hoboken
Personal Touch Books,Sparta,Book store,hopatcong
ISD Bookstore,Sparta,Book store,hopatcong
Pyramid Comics & Cards,Sparta,Comic book store,hopatcong
Bohemian Bookworm,Flemington,Book store,hopatcong
Barnes & Noble at Rutgers,100 Somerset St,Book store,hopatcong
Jersey City Free Books,Jersey City,Book store,jersey city
First Class Recipes,Jersey City,Book store,jersey city
RiMarket,Jersey City,Book store,jersey city
Mysterious Book Shop,New York,Book store,jersey city
Bookstore of Department of City Planning,New York,Book store,jersey city
Shared Book,New York,Book store,jersey city
Hudson County Community College Book Store,Union City,Book store,jersey city
Borough of Manhattan Community College Bookstore,New York,Book store,jersey city
The Plebeian,New York,Book store,jersey city
Butela Emporium,Jersey City,Book store,jersey city
Sp Books Inc,New York,Book store,jersey city
missel Comic book store,305 Broadway,Comic book store,jersey city
Mercer Street Books & Records,206 Mercer St,Book store,jersey city
La Fuente Christian Bookstore,71st St,Book store,jersey city
Yeshua Adonai,105 Frank E Rodgers Blvd N A,Christian book store,jersey city
McNally Jackson Independent Booksellers and Cafe,52 Prince St,Book store,jersey city
Oriental Culture Enterprises Co Inc Eastern Bookstore,13  17 Elizabeth St 2nd floor,Book store,jersey city
Zonie Felder,360 Martin Luther King Dr,Book store,jersey city
Posman Books,75 9th Ave,Book store,jersey city
New York City College of Technology Bookstore,259 Adams St,Book store,jersey city
Unoppressive Nonimperialist Bargain Books,34 Carmine St,Book store,jersey city
Dashwood Books,33 Bond St A,Book store,jersey city
Gucci Wooster Bookstore,375 W Broadway,Book store,jersey city
Three Lives & Company,154 W 10th St,Book store,jersey city
Printed Matter Inc,231 11th Ave,Book store,jersey city
Sifrutake,550 Broad St,Religious book store,jersey city
Aeon Bookstore,151 E Broadway,Book store,jersey city
McNally Jackson,4 Fulton St,Book store,jersey city
Collegiate Bookstore,New York,Book store,jersey city
Heidi's Piano Studio,Jersey City,Book store,jersey city
Mast Books,New York,Book store,jersey city
Codex,New York,Book store,jersey city
Granary Books Inc,New York,Book store,jersey city
Carmine Street Comics,New York,Comic book store,jersey city
192 Books,New York,Book store,jersey city
BRANDON BALLENGEE,New York,Book store,jersey city
Wu Li Ming,New York,Book store,jersey city
Books of Wonder,New York,Book store,jersey city
St Francis Book Shop,New York,Book store,jersey city
Books Are Magic,Brooklyn,Book store,jersey city
Heroes Cave,,Comic book store,jersey city
Alabaster Bookshop,New York,Book store,jersey city
Hudson Booksellers,New York,Book store,jersey city
Mysterious Time Machine,New York,Comic book store,jersey city
Forbidden Planet,New York,Comic book store,jersey city
East Village Books,New York,Used book store,jersey city
Karma Bookstore,New York,Book store,jersey city
Bureau of General Services--Queer Division,New York,Book store,jersey city
Teich Toys & Books,New York,Book store,jersey city
Irving Zucker Art Books,New York,Used book store,jersey city
Bonnie Slotnick Cookbooks,New York,Used book store,jersey city
Idlewild Books,New York,Book store,jersey city
McGrawHill eBooks Store,New York,Book store,jersey city
Bookmarc,New York,Book store,jersey city
Books To Bed,New York,Book store,jersey city
Aum Shanti Bookshop & Psychic Tarot Card Readings,New York,Book store,jersey city
Printed Matter,New York,Book store,jersey city
Mystical World,Lyndhurst,Book store,kearny
Zonie Felder,Jersey City,Book store,kearny
The Center For Pranic Healing,Lyndhurst,Book store,kearny
Heidi's Piano Studio,317 Grove St 4,Book store,kearny
Barnes & Noble,1180 Raritan Rd,Book store,kearny
bwe kafe,1401 Adams St,Book store,kearny
GameStop,220 Harrison Ave a2,Video game store,kearny
Barnes & Noble,112 Eisenhower Pkwy,Book store,kearny
Harvest Bookstore,Lindenwold,Book store,lindenwold
Stormwatch Comics,West Berlin,Comic book store,lindenwold
Net4Truth USA,Sicklerville,Book store,lindenwold
Sky Valley Records,Somerdale,Record store,lindenwold
The Rose of Sharon Christian Bookstore,Burlington,Christian book store,lindenwold
Hakim's Bookstore & Gift Shop,Philadelphia,Book store,lindenwold
Big Blue Marble Bookstore,Philadelphia,Book store,lindenwold
Barnes & Noble at Temple Law Bookstore,Philadelphia,Book store,lindenwold
Goodwill,Stratford,Thrift store,lindenwold
Poor Man's Books,Vineland,Rare book store,lindenwold
Barnes & Noble,Philadelphia,Book store,lindenwold
Sharon Reed Book Store,Philadelphia,Book store,lindenwold
Saint Joseph's University Bookstore,2461 N 54th St,Book store,lindenwold
Books & Stuff,23 Maplewood Mall,Book store,lindenwold
Philly AIDS Thrift  Giovanni's Room,345 S 12th St,Book store,lindenwold
Temple Main Campus Bookstore,1755 N 13th St,Book store,lindenwold
Barnes & Noble,1991 Sproul Rd,Book store,lindenwold
Barnes & Noble at Drexel University,3250 Chestnut St,Book store,lindenwold
Bodybuilders Bookstore,Rahway,Religious book store,linden
A Little Shop of Comics,Scotch Plains,Book store,linden
Barnes & Noble,Somerset Shopping Center 319 Route 202206,Book store,linden
River Road Books,759 River Rd,Book store,linden
GameStop,Linden,Video game store,linden
GameStop,Lodi,Video game store,lodi
Jay & Silent Bob's Secret Stash,Red Bank,Comic book store,long branch
St James Thrift Shop,Long Branch,Thrift store,long branch
Circles Squares and Dragonflies,,Book store,long branch
Atlantic Cape Community College Bookstore,Mays Landing,Book store,long branch
Drew University Bookstore,Madison,Book store,madison
FDU Bookstore,Madison,Book store,madison
Dewey's Comic City,Madison,Comic book store,madison
Decades of Vintage,Madison,Book store,madison
Edcon Press,Chatham Township,Book store,madison
Jabberwocky Inc,Chatham,Toy store,madison
Leslie Meigan Greenidge Book Store,New Providence,Book store,madison
Language Lizard LLC,,Childrens book store,madison
Short Stories Bookshop & Community Hub,Madison,Book store,madison
Barnes Peter J,Iselin,Book store,metuchen
Genus Boni,Metuchen,Toy store,metuchen
The Little Point Bookshop,Point Pleasant Beach,Book store,metuchen
St Andrew Church Goods and Bookstore,Somerset,Christian book store,middlesex
Quality Comics America,,Comic book store,middlesex
Carl H Mitchell Author,,Book store,middlesex
Keith Hirshland,,Book store,middlesex
Canton Books,,Rare book store,middlesex
WWH Press LLC,,Book store,middlesex
Ella The Enchanted Princess,,Childrens book store,middlesex
Classics Books & Gifts,Trenton,Used book store,middlesex
Broad Street Books,Branchville,Used book store,middlesex
FUNNYBOOKS Comics & Stuff,Lake Hiawatha,Comic book store,middlesex
Edible Arrangements,Middlesex,Gift shop,middlesex
Bogart's Bookstore and Cafe,103 N High St,Book store,millville
Barnes & Noble College Bookstore,Vineland,Book store,millville
Promises 12 Step Store,Millville,Book store,millville
FYE,Vineland,Book store,millville
Books Behind Bars & Beyond,Morristown,Book store,morristown
Creative Minds Books & Gifts,Morristown,Book store,morristown
Fat Moose Comics & Games,Whippany,Comic book store,morristown
"Svoboda ,,Svoboda""",Parsippany,Book store,morristown
Market Street Mission Thrift Store,Morristown,Thrift store,morristown
Barnes and Noble Rutgers University  Newark,Hahne 42 Halsey St s Building,Book store,newark
Seton Hall Law Bookstore,1 Newark Center,Book store,newark
Urban Knowledge,455 Elizabeth Ave  11B,Book store,newark
Sinai Christian Bookstore,563 Bloomfield Ave,Book store,newark
Hudson Booksellers,1 Brewster Rd,Book store,newark
Fortress of Solitude,53 University Ave 101,Comic book store,newark
Newark SchoolTheology Bookstore,2 Park Pl,Book store,newark
Blessed Store,57 Wilson Ave,Book store,newark
All Eyes On Egipt NJ Books And Gifts,292 Orange St,Book store,newark
Resect For Life Center,387 Avon Ave,Book store,newark
Cna Ebooks,318 Ellery Ave,Book store,newark
Crossroads of Life Christian Inc Christian Bookstore,1567 Maple Ave,Book store,newark
Hudsons Booksellers & Papyrus Terminal C,Newark Liberty International Airport,Book store,newark
Seton Hall University Bookstore,400 S Orange Ave,Book store,newark
Cafe Word Book Store,108 S Orange Ave,Book store,newark
Novel Tees,380 Main St,Book store,newark
B*M*A*D*E,76 Ellis Ave,Book store,newark
hathor's crown financial,210 Belgrove Dr,Book store,newark
Spartacus Books,153 Chestnut St 1,Christian book store,newark
Black Horizon Books,701 NJ440,Book store,newark
Blessed Store,57 Wilson Ave,Christian book store,newark
Less pay,288 Williamson Ave,Religious book store,newark
Bayonne History,45 E 16th St,Book store,newark
Restoration Book Store,409 N Broad St,Book store,newark
Christian Book Store,1419 Stuyvesant Ave,Book store,newark
Elizabeth Campus Bookstore,40 W Jersey St,Book store,newark
Infinite Monkey Comics,Maplewood,Comic book store,newark
Pricking the Heart Christian Books etc,,Christian book store,newark
College Women's ClubMontclair,Montclair,Used book store,newark
Sparkhouse Toys,South Orange,Book store,newark
DeVry North Brunswick Bookstore,North Brunswick Township,Book store,new brunswick
Paper Memories Plus,New Brunswick,Book store,new brunswick
Manual Man,Sayreville,Book store,new brunswick
Spina Records,New Brunswick,Record store,new brunswick
Comic Fortress,Somerville,Comic book store,new brunswick
BMI Educational Services,Cranbury Township,Childrens book store,new brunswick
FYE,East Brunswick,Book store,new brunswick
Farley's Bookshop,New Hope,Book store,new brunswick
GameStop Prestige,North Brunswick Township,Video game store,new brunswick
Hank Quense's Insights,Westwood,Book store,new milford
Bank Street Book Nook,New Milford,Book store,new milford
KD Novelties,,Book store,new milford
Sirmackota,,Book store,new milford
The Goblin's Cavern,New Milford,Comic book store,new milford
Edcon Press,184 Riveredge Dr,Book store,new providence
Elefante Music & School for the Performing Arts,New Providence,Music store,new providence
Barnes & Noble,55 Parsonage Rd,Book store,new providence
Ray & Judy's Book Stop,40 W Main St,Book store,new providence
Black Dog Books,103 NJ15,Book store,new providence
Mysterious Book Shop,58 Warren St,Book store,new providence
Califon Book Shop,72 Main St,Book store,new providence
Barnes & Noble,180 NJ35,Book store,new providence
Three Lives & Company,New York,Book store,new providence
Dashwood Books,New York,Book store,new providence
Toy Professor,Summit,Toy store,new providence
Plainfield Campus Bookstore,Plainfield,Book store,north plainfield
Anew Quality Book & Boutique,Plainfield,Book store,north plainfield
Libreria Y Variedades La Familia,,Book store,north plainfield
Goodwill NYNJ Store & Donation Center,North Plainfield,Thrift store,north plainfield
Da Vinci Book Company,,Book store,oakland
Billing & Book,Wayne,Book store,oakland
The Path We Take,Wanaque,Book store,oakland
Station 1 Books Vinyl and Vintage Shop Station One Record Store,Pompton Lakes,Record store,oakland
Bookkeeping Bookkeeping Solutions By Celeste,Pompton Lakes,Book store,oakland
The Evil Lair,,Comic book store,oakland
The Paper Store,Pompton Lakes,Gift shop,oakland
Bronx River Books,Scarsdale,Book store,oakland
Gundam Planet,Palisades Park,Toy store,palisades park
Koryo Books,New York,Book store,palisades park
The Palisades Parkway Visitor Center and Bookstore,Tomkins Cove,Book store,palisades park
St Johns University Queens Campus Bookstore,Jamaica,Book store,palisades park
Little Free Library,Closter,Used book store,paramus
JBB Christian Gift Shop,Passaic,Gift shop,passaic
The Salvation Army Family Store & Donation Center,Passaic,Thrift store,passaic
Kesser Gift & Judaica Inc,Passaic,Gift shop,passaic
The Linen Shop,Passaic,Gift shop,passaic
Rarebookcellarcom,,Book store,passaic
GameStop,Passaic,Video game store,passaic
MyUnique Thrift,Paterson,Thrift store,paterson
James Parker Printing & Books,,Book store,perth amboy
Woodbridge News Inc,Woodbridge,Book store,perth amboy
Sales by the Bay,Perth Amboy,Thrift store,perth amboy
FYE,Woodbridge,Book store,perth amboy
Capital Magazine Club,South Amboy,Magazine store,perth amboy
Domsey Warehouse,Perth Amboy,Thrift store,perth amboy
GameStop,365 Convery Blvd,Video game store,perth amboy
Labyrinth Books,122 Nassau St,Book store,perth amboy
Nothing New Thrift Shop,Staten Island,Thrift store,perth amboy
Delaware River Books,Easton,Used book store,phillipsburg
USA Connections Inc,Phillipsburg,Book store,phillipsburg
Book & Puppet Co,Easton,Book store,phillipsburg
MBOCCADORO'S CREATIVES,,Book store,phillipsburg
Barnes & Noble,Easton,Book store,phillipsburg
Northampton Community College Campus Store,,Book store,phillipsburg
Fashionextravaganza,,Book store,phillipsburg
Comic Fusion,Flemington,Comic book store,phillipsburg
Hunterdon Christian Books,Clinton,Christian book store,phillipsburg
Streetcar Books,,Book store,phillipsburg
Asian Gifts,,Gift shop,phillipsburg
Spin Me Round,Palmer Township,Record store,phillipsburg
The Game Gallery,Easton,Video game store,phillipsburg
Ollie's Bargain Outlet,Allentown,Book store,phillipsburg
Goodwill Store & Donation Center,Bethlehem,Thrift store,phillipsburg
Jayne's Hallmark Shop,Clinton,Greeting card shop,phillipsburg
Open Cupboard Food Pantry,Clinton,Thrift store,phillipsburg
MyUnique Thrift,Watchung,Thrift store,plainfield
Norman's Hallmark Shop,Fanwood,Greeting card shop,plainfield
THE GIZA TEMPLATE,,Book store,plainfield
On a Mission Thrift Shop,363 S Main St,Thrift store,pleasantville
Atlantic Cape Community College Bookstore,5100 E Black Horse Pike,Book store,pleasantville
Pleasantville Music Shoppe,15 E Black Horse Pike,Music store,pleasantville
LBI Book Swap,301401 9th St,Book store,pleasantville
Red Barn Book Store,597 NJ73,Book store,pleasantville
Hooked On Books,3405 Pacific Ave,Used book store,pleasantville
Ollie's Bargain Outlet,3003 English Creek Ave,Book store,pleasantville
The Bookworm,1509 Long Beach Blvd,Book store,pleasantville
Cape Atlantic Book Company,421 Washington St,Book store,pleasantville
Book Asylum,26 N Black Horse Pike,Book store,pleasantville
Joelle's Cards Gifts & Toys,199 New Rd  16,Gift shop,pleasantville
Goodwill,Egg Harbor Township,Thrift store,pleasantville
Transmedia Inc,1101 Richmond Ave  203B,Book store,point pleasant
Sog Comics,Manasquan,Comic book store,point pleasant
Borden's Stationery & Educational Resources & Office Supplies,Point Pleasant Beach,Greeting card shop,point pleasant
Butler's,Point Pleasant,Gift shop,point pleasant
The Comic Relief of Toms River,Toms River,Comic book store,point pleasant
Ocean County Music,Point Pleasant Beach,Music store,point pleasant
Transmedia Inc,Point Pleasant Beach,Book store,point pleasant
Big Fun Toys,Point Pleasant Beach,Toy store,point pleasant
Jenkinson's South Gift Shop,Point Pleasant Beach,Gift shop,point pleasant
Stella e Luna,Point Pleasant Beach,Gift shop,point pleasant
Comics store,1317 Comanche Ave,Books wholesaler,point pleasant
Words Bookstore,623 Cookman Ave,Book store,point pleasant
Deena's,704 Arnold Ave,Gift shop,point pleasant
Conquest Comics,657 US 9,Comic book store,point pleasant
Coastal Living of Brielle,Brielle,Gift shop,point pleasant
Norman's Hallmark Shop,Clark,Greeting card shop,rahway
Music & Arts,Ramsey,Music store,ramsey
The Paper Store,Ramsey,Gift shop,ramsey
GameStop,25 Interstate Shop Center,Video game store,ramsey
Station 1 Books Vinyl and Vintage Shop Station One Record Store,1 Station Plaza,Record store,ramsey
Meadow Lark Store  Modern Waldorf Family Living,241 Hungry Hollow Rd,Book store,ramsey
Booth 26B,Red Bank,Used book store,red bank
Book It Author Based Events,Shrewsbury,Book store,red bank
Pajama Program,Red Bank,Book store,red bank
Jack's Music Shoppe,Red Bank,Music store,red bank
Barnes & Noble,3981 US 9,Book store,red bank
The Book Garden,868 Monmouth Rd,Used book store,red bank
The Gallery Collection,,Greeting card shop,ridgefield park
WORD,126 Franklin St,Book store,ridgefield park
Greenlight Bookstore PLG,632 Flatbush Ave,Book store,ridgefield park
Ridgewood Medical Media LLC,Ridgewood,Book store,ridgewood
Soul Journey,Butler,Book store,ringwood
Magazine Gold Card,Mahwah,Magazine store,ringwood
Bob's Collectables,Hamburg,Comic book store,ringwood
JC's Christian Book Store,Middletown,Christian book store,ringwood
Pace University Bookstore,Pleasantville,Book store,ringwood
Baruch College Bookstore,New York,Book store,ringwood
Fordham University  Rose Hill Campus Bookstore,The Bronx,Book store,ringwood
Barnes & Noble Queensborough Community College Bookstore,Bayside,Book store,ringwood
Book Culture LIC,Long Island City,Book store,ringwood
Barnes & Noble,Brunswick Square Mall 753 NJ18,Book store,roselle
Plainfield Campus Bookstore,232 E 2nd St,Book store,roselle
Abby's Attic,Roselle Park,Thrift store,roselle park
FDU Bookstore,285 Madison Ave,Book store,roselle park
Kinokuniya New York,1073 6th Ave,Book store,roselle park
Terrace Books,242 Prospect Park West,Book store,roselle park
Edible Arrangements,Elizabeth,Gift shop,roselle park
Edible Arrangements,Cranford,Gift shop,roselle park
Goffin's Hallmark Shop,Rutherford,Greeting card shop,rutherford
Butela Emporium,779 Newark Ave,Book store,rutherford
The Book Trader,73 Westfield Ave,Used book store,rutherford
Books & Greetings,271 Livingston St,Book store,rutherford
bwe kafe,Hoboken,Book store,rutherford
C R Carole,Old Bridge Township,Book store,sayreville
the geekery,Matawan,Comic book store,sayreville
Cranford Campus Bookstore,1033 Springfield Ave,Book store,sayreville
BookTowne,171 Main St,Book store,sayreville
GameStop,East Brunswick,Video game store,sayreville
BAMBYNO PRODUCCIONES,West New York,Book store,secaucus
TV Books,New York,Book store,secaucus
SPYSCAPE Book Shop,New York,Book store,secaucus
Lincoln Center Bookstore,New York,Book store,secaucus
Amazon Books,New York,Book store,secaucus
Faber Coe & Gregg Inc,Secaucus,Gift shop,secaucus
Best Buy,Secaucus,Music store,secaucus
The Juilliard Store,New York,Book store,secaucus
B & B Rare Books Ltd,New York,Rare book store,secaucus
Whitney Museum Shop,99 Gansevoort St,Book store,secaucus
House Beautiful Magazine,300 W 57th St,Magazine store,secaucus
Kavya Inc,Hillsborough Township,Religious book store,somerville
The Only Game in Town,Somerville,Game store,somerville
D & D Galleries,Hillsborough Township,Book store,somerville
The Sound Exchange,Somerville,Music store,somerville
Retro Classics Video Games,Somerville,Video game store,somerville
Soul Trip,Somerville,Gift shop,somerville
Norman's Hallmark Shop,Bridgewater Township,Greeting card shop,somerville
Go Calendars,400 Commons Way,Gift shop,somerville
Disney Store,400 Commons Way,Toy store,somerville
Hunterdon Christian Books,26 Main St,Christian book store,somerville
Centenary Bookstore,400 Jefferson St,Book store,somerville
Clockwork Comics & Cards,1003 Vauxhall Rd,Comic book store,somerville
Rogue Comics & Collectibles,105 Union Ave N,Comic book store,somerville
Classic Comics,1006 St Georges Ave,Comic book store,somerville
Book List AL,Edison,Book store,south plainfield
MyUnique Thrift,South Plainfield,Thrift store,south plainfield
Kristin's Hallmark Shop,South Plainfield,Greeting card shop,south plainfield
GameStop,South Plainfield,Video game store,south plainfield
Jersey's Finest Comics,,Comic book store,south river
Goodwill NYNJ Store & Donation Center,East Brunswick,Thrift store,south river
Comic Relief,Lawrence Township,Comic book store,south river
Norman's Hallmark Shop,Milltown,Greeting card shop,south river
Amy's Hallmark Shop,East Brunswick,Greeting card shop,south river
Junior League of Summit Thrift Shop,Summit,Thrift store,summit
Scotti's Record Shop,Summit,Record store,summit
Scherzo Music Studio,Summit,Music store,summit
Edible Arrangements,Summit,Gift shop,summit
b8ta Short Hills,Short Hills,Gift shop,summit
Books Made 4 Me,,Childrens book store,summit
Manhattan College Bookstore,The Bronx,Book store,tenafly
Riverdale Judaica,The Bronx,Book store,tenafly
W VIOLIN SHOP,Tenafly,Music store,tenafly
Womrath's Tenafly Book Shop,12 Washington St,Book store,tenafly
Weathervane Press,44 Bliss Ave,Book store,tenafly
Acorns Bookshop,Tenafly,Book store,tenafly
Go Calendars Games & Toys,Tinton Falls,Game store,tinton falls
Norman's Hallmark Shop,Ocean Township,Greeting card shop,tinton falls
Comic Lair,Trenton,Comic book store,trenton
Libreria Cristiana Maranatha,Trenton,Book store,trenton
Red Rocket Comics,Trenton,Comic book store,trenton
Cindy Sammy Book Store,Trenton,Book store,trenton
Reading Center,,Book store,trenton
Tapeman Inc,Trenton,Book store,trenton
Barnes & Noble Campus Town,Ewing Township,Book store,trenton
Friends of the Hamilton Public Library,Hamilton Township,Used book store,trenton
Libreria,Hamilton Township,Book store,trenton
Ollie's Bargain Outlet,Hamilton Township,Book store,trenton
MyUnique Thrift,Union City,Thrift store,union city
The Salvation Army Family Store & Donation Center,Union City,Thrift store,union city
America's Stationery,Union City,Art supply store,union city
Botanica & Gift Shop Ochun,Union City,Gift shop,union city
Readers Subscription Center,,Magazine store,union city
Whitney Museum Shop,New York,Book store,union city
The Spot,Vineland,Book store,vineland
RK Enterprises,,Book store,vineland
Gravelly Run Antiquarians,Dorothy,Used book store,vineland
Best Buy,Vineland,Music store,vineland
Lawbook Exchange Ltd,33 Terminal Ave,Law book store,westfield
Library West love,New York,Book store,west new york
Civil Service Book Shop,New York,Book store,west new york
Korean Books & KPop Music,New York,Book store,west new york
Adventist Book Center,New York,Book store,west new york
Unoppressive Nonimperialist Bargain Books,New York,Book store,west new york
Assouline at the Plaza Hotel,New York,Book store,west new york
Printed Matter Inc,New York,Book store,west new york
St Paul Book & Gift Shop,New York,Gift shop,west new york
House Beautiful Magazine,New York,Magazine store,west new york
Librarian's Book Express,New York,Book store,west new york
Gottfried's NYC Magazines & Newpapers,New York,Magazine store,west new york
Colorama Coloring Book,Fairfield,Book store,woodland park
Street Corner News,,Book store,woodland park
Gotham Comics & Toys,Caldwell,Comic book store,woodland park
Book Store,West Caldwell,Book store,woodland park
Wize Guys Collectibles,Verona,Comic book store,woodland park
Best Buy,Woodland Park,Music store,woodland park
Go Calendars Toys & Games,Wayne,Book store,woodland park
Amazon 4star  Coming Soon,Wayne,Book store,woodland park
